KADAI_CODE,TANGEN_NAME
4161403010010024,中一開講号英語
4161403020010021,中一開講号数学
4161403030010029,中一開講号国語
5001404041210023,理科１２１
5001404041220021,理科１２２
5001404041230028,理科１２３
5001404041240025,理科１２４
5001404041250022,理科１２５
5001404041260020,理科１２６
5001404041270027,理科１２７
5001404041280024,理科１２８
5001404041290021,理科１２９
5001404041300020,理科１３０
5001404041310027,理科１３１
5001404041320024,理科１３２
5001404041330021,理科１３３
5001404041340029,理科１３４
5001404041350026,理科１３５
5001404041360023,理科１３６
5001404041370021,理科１３７
5001404041380028,理科１３８
5001404041390025,理科１３９
5001404041400023,理科１４０
5001404041410021,理科１４１
5121409041420021,理科１４２
5121409041430029,理科１４３
5121409041440026,理科１４４
5121409041450023,理科１４５
5121501041460021,理科１４６
5121501041470029,理科１４７
5121501041480026,理科１４８
5121501041490023,理科１４９
5001404054210028,社会４２１
5001404054220025,社会４２２
5001404054230022,社会４２３
5001404054240020,社会４２４
5001404054250027,社会４２５
5001404054260024,社会４２６
5001404054270021,社会４２７
5001404054280029,社会４２８
5001404054290026,社会４２９
5001404054300024,社会４３０
5001404054310021,社会４３１
5001404054320029,社会４３２
5001404054330026,社会４３３
5001404054400028,社会４４０
5001404054410025,社会４４１
5001404054420022,社会４４２
5001404054430020,社会４４３
5001404054440027,社会４４４
5001404054450024,社会４４５
5001404054460021,社会４４６
5001404054470029,社会４４７
5001404054480026,社会４４８
5001404054490023,社会４４９
5011404010010126,中一４月号英語
5011404010010220,中一４月号英語
5011404010020123,中一４月号英語
5011404010020227,中一４月号英語
5011404010030121,中一４月号英語
5011404010030224,中一４月号英語
5011404010040128,中一４月号英語
5011404010040221,中一４月号英語
5011404010050125,中一４月号英語
5011404010050229,中一４月号英語
5011404010060122,中一４月号英語
5011404010060226,中一４月号英語
5011404020010123,中一４月号数学
5011404020010227,中一４月号数学
5011404030010027,中一４月号国語
5011404030020024,中一４月号国語
5011404030030021,中一４月号国語
5011404030040029,中一４月号国語
5011404030050026,中一４月号国語
5011405010010125,中一５月号英語
5011405010010229,中一５月号英語
5011405010020122,中一５月号英語
5011405010020226,中一５月号英語
5011405010030120,中一５月号英語
5011405010030223,中一５月号英語
5011405010040127,中一５月号英語
5011405010040221,中一５月号英語
5011405010050124,中一５月号英語
5011405010050228,中一５月号英語
5011405010060121,中一５月号英語
5011405010060225,中一５月号英語
5011405020010122,中一５月号数学
5011405020010226,中一５月号数学
5011405030010026,中一５月号国語
5011405030020023,中一５月号国語
5011405030030021,中一５月号国語
5011405030040028,中一５月号国語
5011405030050025,中一５月号国語
5011406010010124,中一６月号英語
5011406010010228,中一６月号英語
5011406010020121,中一６月号英語
5011406010020225,中一６月号英語
5011406010030129,中一６月号英語
5011406010030222,中一６月号英語
5011406010040126,中一６月号英語
5011406010040220,中一６月号英語
5011406010050123,中一６月号英語
5011406010050227,中一６月号英語
5011406010060121,中一６月号英語
5011406010060224,中一６月号英語
5011406020010121,中一６月号数学
5011406020010225,中一６月号数学
5011406030010025,中一６月号国語
5011406030020022,中一６月号国語
5011406030030020,中一６月号国語
5011406030040027,中一６月号国語
5011406030050024,中一６月号国語
5011407010010123,中一７月号英語
5011407010010227,中一７月号英語
5011407010020121,中一７月号英語
5011407010020224,中一７月号英語
5011407010030128,中一７月号英語
5011407010030221,中一７月号英語
5011407010040125,中一７月号英語
5011407010040229,中一７月号英語
5011407010050122,中一７月号英語
5011407010050226,中一７月号英語
5011407010060120,中一７月号英語
5011407010060223,中一７月号英語
5011407020010121,中一７月号数学
5011407020010224,中一７月号数学
5011407030010024,中一７月号国語
5011407030020021,中一７月号国語
5011407030030029,中一７月号国語
5011407030040026,中一７月号国語
5011407030050023,中一７月号国語
5011409010010121,中一９月号英語
5011409010010225,中一９月号英語
5011409010020129,中一９月号英語
5011409010020222,中一９月号英語
5011409010030126,中一９月号英語
5011409010030220,中一９月号英語
5011409010040123,中一９月号英語
5011409010040227,中一９月号英語
5011409010050121,中一９月号英語
5011409010050224,中一９月号英語
5011409010060128,中一９月号英語
5011409010060221,中一９月号英語
5011409020010129,中一９月号数学
5011409020010222,中一９月号数学
5011409030010022,中一９月号国語
5011409030020020,中一９月号国語
5011409030030027,中一９月号国語
5011409030040024,中一９月号国語
5011409030050021,中一９月号国語
5011410010010127,中一１０月号英語
5011410010010221,中一１０月号英語
5011410010020124,中一１０月号英語
5011410010020228,中一１０月号英語
5011410010030121,中一１０月号英語
5011410010030225,中一１０月号英語
5011410010040129,中一１０月号英語
5011410010040222,中一１０月号英語
5011410010050126,中一１０月号英語
5011410010050220,中一１０月号英語
5011410010060123,中一１０月号英語
5011410010060227,中一１０月号英語
5011410020010124,中一１０月号数学
5011410020010228,中一１０月号数学
5011410030010028,中一１０月号国語
5011410030020025,中一１０月号国語
5011410030030022,中一１０月号国語
5011410030040020,中一１０月号国語
5011410030050027,中一１０月号国語
5011411010010126,中一１１月号英語
5011411010010220,中一１１月号英語
5011411010020123,中一１１月号英語
5011411010020227,中一１１月号英語
5011411010030121,中一１１月号英語
5011411010030224,中一１１月号英語
5011411010040128,中一１１月号英語
5011411010040221,中一１１月号英語
5011411010050125,中一１１月号英語
5011411010050229,中一１１月号英語
5011411010060122,中一１１月号英語
5011411010060226,中一１１月号英語
5011411020010123,中一１１月号数学
5011411020010227,中一１１月号数学
5011411030010027,中一１１月号国語
5011411030020024,中一１１月号国語
5011411030030021,中一１１月号国語
5011411030040029,中一１１月号国語
5011411030050026,中一１１月号国語
5011412010010125,中一１２月号英語
5011412010010229,中一１２月号英語
5011412010020122,中一１２月号英語
5011412010020226,中一１２月号英語
5011412010030120,中一１２月号英語
5011412010030223,中一１２月号英語
5011412010040127,中一１２月号英語
5011412010040221,中一１２月号英語
5011412010050124,中一１２月号英語
5011412010050228,中一１２月号英語
5011412010060121,中一１２月号英語
5011412010060225,中一１２月号英語
5011412020010122,中一１２月号数学
5011412020010226,中一１２月号数学
5011412030010026,中一１２月号国語
5011412030020023,中一１２月号国語
5011412030030021,中一１２月号国語
5011412030040028,中一１２月号国語
5011412030050025,中一１２月号国語
5011502010010028,中一２月号英語
5011502010020025,中一２月号英語
5011502010030022,中一２月号英語
5011502010040020,中一２月号英語
5011502010050027,中一２月号英語
5011502010060024,中一２月号英語
5011502020010025,中一２月号数学
5011502030010022,中一２月号国語
5011502030020020,中一２月号国語
5011502030030027,中一２月号国語
5011502030040024,中一２月号国語
5011502030050021,中一２月号国語
5111404010010120,中一４月号英語
5111404010010223,中一４月号英語
5111404020010127,中一４月号数学
5111404020010221,中一４月号数学
5111404020020124,中一４月号数学
5111404030010021,中一４月号国語
5111405010010129,中一５月号英語
5111405010010222,中一５月号英語
5111405020010126,中一５月号数学
5111405020010220,中一５月号数学
5111405020020123,中一５月号数学
5111405030010020,中一５月号国語
5111406010010128,中一６月号英語
5111406010010221,中一６月号英語
5111406020010125,中一６月号数学
5111406020010229,中一６月号数学
5111406020020122,中一６月号数学
5111406030010029,中一６月号国語
5111407010010127,中一７月号英語
5111407010010221,中一７月号英語
5111407020010124,中一７月号数学
5111407020010228,中一７月号数学
5111407020020121,中一７月号数学
5111407030010028,中一７月号国語
5111409010010125,中一９月号英語
5111409010010229,中一９月号英語
5111409020010122,中一９月号数学
5111409020010226,中一９月号数学
5111409020020120,中一９月号数学
5111409030010026,中一９月号国語
5111410010010121,中一１０月号英語
5111410010010224,中一１０月号英語
5111410020010128,中一１０月号数学
5111410020010221,中一１０月号数学
5111410020020125,中一１０月号数学
5111410030010021,中一１０月号国語
5111411010010120,中一１１月号英語
5111411010010223,中一１１月号英語
5111411020010127,中一１１月号数学
5111411020010221,中一１１月号数学
5111411020020124,中一１１月号数学
5111411030010021,中一１１月号国語
5111412010010129,中一１２月号英語
5111412010010222,中一１２月号英語
5111412020010126,中一１２月号数学
5111412020010220,中一１２月号数学
5111412020020123,中一１２月号数学
5111412030010020,中一１２月号国語
5111501010010126,中一１月号英語
5111501010010220,中一１月号英語
5111501020010123,中一１月号数学
5111501020010227,中一１月号数学
5111501020020121,中一１月号数学
5111501030010027,中一１月号国語
5111502010010125,中一２月号英語
5111502010010229,中一２月号英語
5111502020010122,中一２月号数学
5111502020010226,中一２月号数学
5111502020020120,中一２月号数学
5111502030010026,中一２月号国語
5011504010010120,中一０４月号英
5011504010020127,中一０４月号英
5011504010030124,中一０４月号英
5011504010040121,中一０４月号英
5011504010050129,中一０４月号英
5011504010060126,中一０４月号英
5011504010010223,中一０４月号英
5011504010020221,中一０４月号英
5011504010030228,中一０４月号英
5011504010040225,中一０４月号英
5011504010050222,中一０４月号英
5011504010060220,中一０４月号英
5011504020010127,中一０４月号数
5011504020010221,中一０４月号数
5011504030010021,中一０４月号国
5011504030020028,中一０４月号国
5011504030030025,中一０４月号国
5011504030040022,中一０４月号国
5011504030050020,中一０４月号国
5011505010010129,中一０５月号英
5011505010020126,中一０５月号英
5011505010030123,中一０５月号英
5011505010040121,中一０５月号英
5011505010050128,中一０５月号英
5011505010060125,中一０５月号英
5011505010010222,中一０５月号英
5011505010020220,中一０５月号英
5011505010030227,中一０５月号英
5011505010040224,中一０５月号英
5011505010050221,中一０５月号英
5011505010060229,中一０５月号英
5011505020010126,中一０５月号数
5011505020010220,中一０５月号数
5011505030010020,中一０５月号国
5011505030020027,中一０５月号国
5011505030030024,中一０５月号国
5011505030040021,中一０５月号国
5011505030050029,中一０５月号国
5011506010010128,中一０６月号英
5011506010020125,中一０６月号英
5011506010030122,中一０６月号英
5011506010040120,中一０６月号英
5011506010050127,中一０６月号英
5011506010060124,中一０６月号英
5011506010010221,中一０６月号英
5011506010020229,中一０６月号英
5011506010030226,中一０６月号英
5011506010040223,中一０６月号英
5011506010050221,中一０６月号英
5011506010060228,中一０６月号英
5011506020010125,中一０６月号数
5011506020010229,中一０６月号数
5011506030010029,中一０６月号国
5011506030020026,中一０６月号国
5011506030030023,中一０６月号国
5011506030040021,中一０６月号国
5011506030050028,中一０６月号国
5011507010010127,中一０７月号英
5011507010020124,中一０７月号英
5011507010030121,中一０７月号英
5011507010040129,中一０７月号英
5011507010050126,中一０７月号英
5011507010060123,中一０７月号英
5011507010010221,中一０７月号英
5011507010020228,中一０７月号英
5011507010030225,中一０７月号英
5011507010040222,中一０７月号英
5011507010050220,中一０７月号英
5011507010060227,中一０７月号英
5011507020010124,中一０７月号数
5011507020010228,中一０７月号数
5011507030010028,中一０７月号国
5011507030020025,中一０７月号国
5011507030030022,中一０７月号国
5011507030040020,中一０７月号国
5011507030050027,中一０７月号国
5011509010010125,中一０９月号英
5011509010020122,中一０９月号英
5011509010030120,中一０９月号英
5011509010040127,中一０９月号英
5011509010050124,中一０９月号英
5011509010060121,中一０９月号英
5011509010010229,中一０９月号英
5011509010020226,中一０９月号英
5011509010030223,中一０９月号英
5011509010040221,中一０９月号英
5011509010050228,中一０９月号英
5011509010060225,中一０９月号英
5011509020010122,中一０９月号数
5011509020010226,中一０９月号数
5011509030010026,中一０９月号国
5011509030020023,中一０９月号国
5011509030030021,中一０９月号国
5011509030040028,中一０９月号国
5011509030050025,中一０９月号国
5011510010010121,中一１０月号英
5011510010020128,中一１０月号英
5011510010030125,中一１０月号英
5011510010040122,中一１０月号英
5011510010050120,中一１０月号英
5011510010060127,中一１０月号英
5011510010010224,中一１０月号英
5011510010020221,中一１０月号英
5011510010030229,中一１０月号英
5011510010040226,中一１０月号英
5011510010050223,中一１０月号英
5011510010060221,中一１０月号英
5011510020010128,中一１０月号数
5011510020010221,中一１０月号数
5011510030010021,中一１０月号国
5011510030020029,中一１０月号国
5011510030030026,中一１０月号国
5011510030040023,中一１０月号国
5011510030050021,中一１０月号国
5011511010010120,中一１１月号英
5011511010020127,中一１１月号英
5011511010030124,中一１１月号英
5011511010040121,中一１１月号英
5011511010050129,中一１１月号英
5011511010060126,中一１１月号英
5011511010010223,中一１１月号英
5011511010020221,中一１１月号英
5011511010030228,中一１１月号英
5011511010040225,中一１１月号英
5011511010050222,中一１１月号英
5011511010060220,中一１１月号英
5011511020010127,中一１１月号数
5011511020010221,中一１１月号数
5011511030010021,中一１１月号国
5011511030020028,中一１１月号国
5011511030030025,中一１１月号国
5011511030040022,中一１１月号国
5011511030050020,中一１１月号国
5011601010010126,中一０１月号英
5011601010020123,中一０１月号英
5011601010030121,中一０１月号英
5011601010040128,中一０１月号英
5011601010050125,中一０１月号英
5011601010060122,中一０１月号英
5011601010010220,中一０１月号英
5011601010020227,中一０１月号英
5011601010030224,中一０１月号英
5011601010040221,中一０１月号英
5011601010050229,中一０１月号英
5011601010060226,中一０１月号英
5011601020010123,中一０１月号数
5011601020010227,中一０１月号数
5011601030010027,中一０１月号国
5011601030020024,中一０１月号国
5011601030030021,中一０１月号国
5011601030040029,中一０１月号国
5011601030050026,中一０１月号国
5011602010010021,中一０２月号英
5011602010020029,中一０２月号英
5011602010030026,中一０２月号英
5011602010040023,中一０２月号英
5011602010050021,中一０２月号英
5011602010060028,中一０２月号英
5011602020010029,中一０２月号数
5011602030010026,中一０２月号国
5011602030020023,中一０２月号国
5011602030030021,中一０２月号国
5011602030040028,中一０２月号国
5011602030050025,中一０２月号国
5021504010010127,中二０４月号英
5021504010020124,中二０４月号英
5021504010030121,中二０４月号英
5021504010040129,中二０４月号英
5021504010050126,中二０４月号英
5021504010060123,中二０４月号英
5021504010010221,中二０４月号英
5021504010020228,中二０４月号英
5021504010030225,中二０４月号英
5021504010040222,中二０４月号英
5021504010050220,中二０４月号英
5021504010060227,中二０４月号英
5021504020010124,中二０４月号数
5021504020010228,中二０４月号数
5021504030010028,中二０４月号国
5021504030020025,中二０４月号国
5021504030030022,中二０４月号国
5021504030040020,中二０４月号国
5021504030050027,中二０４月号国
5021505010010126,中二０５月号英
5021505010020123,中二０５月号英
5021505010030121,中二０５月号英
5021505010040128,中二０５月号英
5021505010050125,中二０５月号英
5021505010060122,中二０５月号英
5021505010010220,中二０５月号英
5021505010020227,中二０５月号英
5021505010030224,中二０５月号英
5021505010040221,中二０５月号英
5021505010050229,中二０５月号英
5021505010060226,中二０５月号英
5021505020010123,中二０５月号数
5021505020010227,中二０５月号数
5021505030010027,中二０５月号国
5021505030020024,中二０５月号国
5021505030030021,中二０５月号国
5021505030040029,中二０５月号国
5021505030050026,中二０５月号国
5021506010010125,中二０６月号英
5021506010020122,中二０６月号英
5021506010030120,中二０６月号英
5021506010040127,中二０６月号英
5021506010050124,中二０６月号英
5021506010060121,中二０６月号英
5021506010010229,中二０６月号英
5021506010020226,中二０６月号英
5021506010030223,中二０６月号英
5021506010040221,中二０６月号英
5021506010050228,中二０６月号英
5021506010060225,中二０６月号英
5021506020010122,中二０６月号数
5021506020010226,中二０６月号数
5021506030010026,中二０６月号国
5021506030020023,中二０６月号国
5021506030030021,中二０６月号国
5021506030040028,中二０６月号国
5021506030050025,中二０６月号国
5021507010010124,中二０７月号英
5021507010020121,中二０７月号英
5021507010030129,中二０７月号英
5021507010040126,中二０７月号英
5021507010050123,中二０７月号英
5021507010060121,中二０７月号英
5021507010010228,中二０７月号英
5021507010020225,中二０７月号英
5021507010030222,中二０７月号英
5021507010040220,中二０７月号英
5021507010050227,中二０７月号英
5021507010060224,中二０７月号英
5021507020010121,中二０７月号数
5021507020010225,中二０７月号数
5021507030010025,中二０７月号国
5021507030020022,中二０７月号国
5021507030030020,中二０７月号国
5021507030040027,中二０７月号国
5021507030050024,中二０７月号国
5021509010010122,中二０９月号英
5021509010020120,中二０９月号英
5021509010030127,中二０９月号英
5021509010040124,中二０９月号英
5021509010050121,中二０９月号英
5021509010060129,中二０９月号英
5021509010010226,中二０９月号英
5021509010020223,中二０９月号英
5021509010030221,中二０９月号英
5021509010040228,中二０９月号英
5021509010050225,中二０９月号英
5021509010060222,中二０９月号英
5021509020010120,中二０９月号数
5021509020010223,中二０９月号数
5021509030010023,中二０９月号国
5021509030020021,中二０９月号国
5021509030030028,中二０９月号国
5021509030040025,中二０９月号国
5021509030050022,中二０９月号国
5021510010010128,中二１０月号英
5021510010020125,中二１０月号英
5021510010030122,中二１０月号英
5021510010040120,中二１０月号英
5021510010050127,中二１０月号英
5021510010060124,中二１０月号英
5021510010010221,中二１０月号英
5021510010020229,中二１０月号英
5021510010030226,中二１０月号英
5021510010040223,中二１０月号英
5021510010050221,中二１０月号英
5021510010060228,中二１０月号英
5021510020010125,中二１０月号数
5021510020010229,中二１０月号数
5021510030010029,中二１０月号国
5021510030020026,中二１０月号国
5021510030030023,中二１０月号国
5021510030040021,中二１０月号国
5021510030050028,中二１０月号国
5021511010010127,中二１１月号英
5021511010020124,中二１１月号英
5021511010030121,中二１１月号英
5021511010040129,中二１１月号英
5021511010050126,中二１１月号英
5021511010060123,中二１１月号英
5021511010010221,中二１１月号英
5021511010020228,中二１１月号英
5021511010030225,中二１１月号英
5021511010040222,中二１１月号英
5021511010050220,中二１１月号英
5021511010060227,中二１１月号英
5021511020010124,中二１１月号数
5021511020010228,中二１１月号数
5021511030010028,中二１１月号国
5021511030020025,中二１１月号国
5021511030030022,中二１１月号国
5021511030040020,中二１１月号国
5021511030050027,中二１１月号国
5021602010010029,中二０２月号英
5021602010020026,中二０２月号英
5021602010030023,中二０２月号英
5021602010040021,中二０２月号英
5021602010050028,中二０２月号英
5021602010060025,中二０２月号英
5021602020010026,中二０２月号数
5021602030010023,中二０２月号国
5021602030020021,中二０２月号国
5021602030030028,中二０２月号国
5021602030040025,中二０２月号国
5021602030050022,中二０２月号国
5001504041210027,１２１
5001504041220024,１２２
5001504041230021,１２３
5001504041240029,１２４
5001504041250026,１２５
5001504041260023,１２６
5001504041270021,１２７
5001504041280028,１２８
5001504041290025,１２９
5001504041300023,１３０
5001504041310021,１３１
5001504041320028,１３２
5001504041330025,１３３
5001504041340022,１３４
5001504041350020,１３５
5001504041360027,１３６
5001504041370024,１３７
5001504041380021,１３８
5001504041390029,１３９
5001504041400027,１４０
5001504041410024,１４１
5121509041420025,１４２
5121509041430022,１４３
5121509041440020,１４４
5121509041450027,１４５
5121601041460025,１４６
5121601041470022,１４７
5121601041480020,１４８
5121601041490027,１４９
5001504054210021,４２１
5001504054220029,４２２
5001504054230026,４２３
5001504054240023,４２４
5001504054250021,４２５
5001504054260028,４２６
5001504054270025,４２７
5001504054280022,４２８
5001504054290020,４２９
5001504054300028,４３０
5001504054310025,４３１
5001504054320022,４３２
5001504054330020,４３３
5001504054400021,４４０
5001504054410029,４４１
5001504054420026,４４２
5001504054430023,４４３
5001504054440021,４４４
5001504054450028,４４５
5001504054460025,４４６
5001504054470022,４４７
5001504054480020,４４８
5001504054490027,４４９
4161503010010028,中一開講号英
4161503020010025,中一開講号数
4161503030010022,中一開講号国
5111504010010123,中一０４月号英
5111504010010227,中一０４月号英
5111504020010121,中一０４月号数
5111504020020128,中一０４月号数
5111504020010224,中一０４月号数
5111504030010024,中一０４月号国
5111505010010122,中一０５月号英
5111505010010226,中一０５月号英
5111505020010120,中一０５月号数
5111505020020127,中一０５月号数
5111505020010223,中一０５月号数
5111505030010023,中一０５月号国
5111506010010121,中一０６月号英
5111506010010225,中一０６月号英
5111506020010129,中一０６月号数
5111506020020126,中一０６月号数
5111506020010222,中一０６月号数
5111506030010022,中一０６月号国
5111507010010121,中一０７月号英
5111507010010224,中一０７月号英
5111507020010128,中一０７月号数
5111507020020125,中一０７月号数
5111507020010221,中一０７月号数
5111507030010021,中一０７月号国
5111509010010129,中一０９月号英
5111509010010222,中一０９月号英
5111509020010126,中一０９月号数
5111509020020123,中一０９月号数
5111509020010220,中一０９月号数
5111509030010020,中一０９月号国
5111510010010124,中一１０月号英
5111510010010228,中一１０月号英
5111510020010121,中一１０月号数
5111510020020129,中一１０月号数
5111510020010225,中一１０月号数
5111510030010025,中一１０月号国
5111511010010123,中一１１月号英
5111511010010227,中一１１月号英
5111511020010121,中一１１月号数
5111511020020128,中一１１月号数
5111511020010224,中一１１月号数
5111511030010024,中一１１月号国
5111512010010122,中一１２月号英
5111512010010226,中一１２月号英
5111512020010120,中一１２月号数
5111512020020127,中一１２月号数
5111512020010223,中一１２月号数
5111512030010023,中一１２月号国
5111601010010120,中一０１月号英
5111601010010223,中一０１月号英
5111601020010127,中一０１月号数
5111601020020124,中一０１月号数
5111601020010221,中一０１月号数
5111601030010021,中一０１月号国
5111602010010129,中一０２月号英
5111602010010222,中一０２月号英
5111602020010126,中一０２月号数
5111602020020123,中一０２月号数
5111602020010220,中一０２月号数
5111602030010020,中一０２月号国
5121504010010121,中二０４月号英
5121504010010224,中二０４月号英
5121504020010128,中二０４月号数
5121504020020125,中二０４月号数
5121504020010221,中二０４月号数
5121504030010021,中二０４月号国
5121505010010120,中二０５月号英
5121505010010223,中二０５月号英
5121505020010127,中二０５月号数
5121505020020124,中二０５月号数
5121505020010221,中二０５月号数
5121505030010021,中二０５月号国
5121506010010129,中二０６月号英
5121506010010222,中二０６月号英
5121506020010126,中二０６月号数
5121506020020123,中二０６月号数
5121506020010220,中二０６月号数
5121506030010020,中二０６月号国
5121507010010128,中二０７月号英
5121507010010221,中二０７月号英
5121507020010125,中二０７月号数
5121507020020122,中二０７月号数
5121507020010229,中二０７月号数
5121507030010029,中二０７月号国
5121509010010126,中二０９月号英
5121509010010220,中二０９月号英
5121509020010123,中二０９月号数
5121509020020121,中二０９月号数
5121509020010227,中二０９月号数
5121509030010027,中二０９月号国
5121510010010121,中二１０月号英
5121510010010225,中二１０月号英
5121510020010129,中二１０月号数
5121510020020126,中二１０月号数
5121510020010222,中二１０月号数
5121510030010022,中二１０月号国
5121511010010121,中二１１月号英
5121511010010224,中二１１月号英
5121511020010128,中二１１月号数
5121511020020125,中二１１月号数
5121511020010221,中二１１月号数
5121511030010021,中二１１月号国
5121512010010120,中二１２月号英
5121512010010223,中二１２月号英
5121512020010127,中二１２月号数
5121512020020124,中二１２月号数
5121512020010221,中二１２月号数
5121512030010021,中二１２月号国
5121601010010127,中二０１月号英
5121601010010221,中二０１月号英
5121601020010124,中二０１月号数
5121601020020121,中二０１月号数
5121601020010228,中二０１月号数
5121601030010028,中二０１月号国
5121602010010126,中二０２月号英
5121602010010220,中二０２月号英
5121602020010123,中二０２月号数
5121602020020121,中二０２月号数
5121602020010227,中二０２月号数
5121602030010027,中二０２月号国
5231504010010028,中三０４月号英
5231504020010025,中三０４月号数
5231504030010022,中三０４月号国
5231505010010027,中三０５月号英
5231505020010024,中三０５月号数
5231505030010021,中三０５月号国
5231506010010026,中三０６月号英
5231506020010023,中三０６月号数
5231506030010021,中三０６月号国
5231507010010025,中三０７月号英
5231507020010022,中三０７月号数
5231507030010020,中三０７月号国
5231509010010023,中三０９月号英
5231509020010021,中三０９月号数
5231509030010028,中三０９月号国
5231510010010029,中三１０月号英
5231510020010026,中三１０月号数
5231510030010023,中三１０月号国
5231511010010028,中三１１月号英
5231511020010025,中三１１月号数
5231511030010022,中三１１月号国
5231512010010027,中三１２月号英
5231512020010024,中三１２月号数
5231512030010021,中三１２月号国
5231601010010024,中三０１月号英
5231601020010021,中三０１月号数
5231601030010029,中三０１月号国
5231602010010023,中三０２月号英
5231602020010021,中三０２月号数
5231602030010028,中三０２月号国
5011604010010020,中一４月号英語
5011604010020027,中一４月号英語
5011604010030024,中一４月号英語
5011604010040021,中一４月号英語
5011604010050029,中一４月号英語
5011604010060026,中一４月号英語
5011604020010121,中一４月号数学
5011604020010224,中一４月号数学
5011604030010024,中一４月号国語
5011604030020021,中一４月号国語
5011604030030029,中一４月号国語
5011604030040026,中一４月号国語
5011604030050023,中一４月号国語
5011605010010029,中一５月号英語
5011605010020026,中一５月号英語
5011605010030023,中一５月号英語
5011605010040021,中一５月号英語
5011605010050028,中一５月号英語
5011605010060025,中一５月号英語
5011605020010120,中一５月号数学
5011605020010223,中一５月号数学
5011605030010023,中一５月号国語
5011605030020021,中一５月号国語
5011605030030028,中一５月号国語
5011605030040025,中一５月号国語
5011605030050022,中一５月号国語
5011606010010028,中一６月号英語
5011606010020025,中一６月号英語
5011606010030022,中一６月号英語
5011606010040020,中一６月号英語
5011606010050027,中一６月号英語
5011606010060024,中一６月号英語
5011606020010129,中一６月号数学
5011606020010222,中一６月号数学
5011606030010022,中一６月号国語
5011606030020020,中一６月号国語
5011606030030027,中一６月号国語
5011606030040024,中一６月号国語
5011606030050021,中一６月号国語
5011607010010027,中一７月号英語
5011607010020024,中一７月号英語
5011607010030021,中一７月号英語
5011607010040029,中一７月号英語
5011607010050026,中一７月号英語
5011607010060023,中一７月号英語
5011607020010128,中一７月号数学
5011607020010221,中一７月号数学
5011607030010021,中一７月号国語
5011607030020029,中一７月号国語
5011607030030026,中一７月号国語
5011607030040023,中一７月号国語
5011607030050021,中一７月号国語
5011609010010129,中一９月号英語
5011609010020126,中一９月号英語
5011609010030123,中一９月号英語
5011609010040121,中一９月号英語
5011609010050128,中一９月号英語
5011609010060125,中一９月号英語
5011609010010222,中一９月号英語
5011609010020220,中一９月号英語
5011609010030227,中一９月号英語
5011609010040224,中一９月号英語
5011609010050221,中一９月号英語
5011609010060229,中一９月号英語
5011609020010126,中一９月号数学
5011609020010220,中一９月号数学
5011609030010020,中一９月号国語
5011609030020027,中一９月号国語
5011609030030024,中一９月号国語
5011609030040021,中一９月号国語
5011609030050029,中一９月号国語
5011610010010124,中一１０月号英語
5011610010020121,中一１０月号英語
5011610010030129,中一１０月号英語
5011610010040126,中一１０月号英語
5011610010050123,中一１０月号英語
5011610010060121,中一１０月号英語
5011610010010228,中一１０月号英語
5011610010020225,中一１０月号英語
5011610010030222,中一１０月号英語
5011610010040220,中一１０月号英語
5011610010050227,中一１０月号英語
5011610010060224,中一１０月号英語
5011610020010121,中一１０月号数学
5011610020010225,中一１０月号数学
5011610030010025,中一１０月号国語
5011610030020022,中一１０月号国語
5011610030030020,中一１０月号国語
5011610030040027,中一１０月号国語
5011610030050024,中一１０月号国語
5011611010010123,中一１１月号英語
5011611010020121,中一１１月号英語
5011611010030128,中一１１月号英語
5011611010040125,中一１１月号英語
5011611010050122,中一１１月号英語
5011611010060120,中一１１月号英語
5011611010010227,中一１１月号英語
5011611010020224,中一１１月号英語
5011611010030221,中一１１月号英語
5011611010040229,中一１１月号英語
5011611010050226,中一１１月号英語
5011611010060223,中一１１月号英語
5011611020010121,中一１１月号数学
5011611020010224,中一１１月号数学
5011611030010024,中一１１月号国語
5011611030020021,中一１１月号国語
5011611030030029,中一１１月号国語
5011611030040026,中一１１月号国語
5011611030050023,中一１１月号国語
5011612010010122,中一１２月号英語
5011612010020120,中一１２月号英語
5011612010030127,中一１２月号英語
5011612010040124,中一１２月号英語
5011612010050121,中一１２月号英語
5011612010060129,中一１２月号英語
5011612010010226,中一１２月号英語
5011612010020223,中一１２月号英語
5011612010030221,中一１２月号英語
5011612010040228,中一１２月号英語
5011612010050225,中一１２月号英語
5011612010060222,中一１２月号英語
5011612020010120,中一１２月号数学
5011612020010223,中一１２月号数学
5011612030010023,中一１２月号国語
5011612030020021,中一１２月号国語
5011612030030028,中一１２月号国語
5011612030040025,中一１２月号国語
5011612030050022,中一１２月号国語
5011701010010120,中一１月号英語
5011701010020127,中一１月号英語
5011701010030124,中一１月号英語
5011701010040121,中一１月号英語
5011701010050129,中一１月号英語
5011701010060126,中一１月号英語
5011701010010223,中一１月号英語
5011701010020221,中一１月号英語
5011701010030228,中一１月号英語
5011701010040225,中一１月号英語
5011701010050222,中一１月号英語
5011701010060220,中一１月号英語
5011701020010127,中一１月号数学
5011701020010221,中一１月号数学
5011701030010021,中一１月号国語
5011701030020028,中一１月号国語
5011701030030025,中一１月号国語
5011701030040022,中一１月号国語
5011701030050020,中一１月号国語
5011702010010129,中一２月号英語
5011702010020126,中一２月号英語
5011702010030123,中一２月号英語
5011702010040121,中一２月号英語
5011702010050128,中一２月号英語
5011702010060125,中一２月号英語
5011702010010222,中一２月号英語
5011702010020220,中一２月号英語
5011702010030227,中一２月号英語
5011702010040224,中一２月号英語
5011702010050221,中一２月号英語
5011702010060229,中一２月号英語
5011702020010126,中一２月号数学
5011702020010220,中一２月号数学
5011702030010020,中一２月号国語
5011702030020027,中一２月号国語
5011702030030024,中一２月号国語
5011702030040021,中一２月号国語
5011702030050029,中一２月号国語
5021604010010121,中二４月号英語
5021604010020128,中二４月号英語
5021604010030125,中二４月号英語
5021604010040122,中二４月号英語
5021604010050120,中二４月号英語
5021604010060127,中二４月号英語
5021604010010224,中二４月号英語
5021604010020221,中二４月号英語
5021604010030229,中二４月号英語
5021604010040226,中二４月号英語
5021604010050223,中二４月号英語
5021604010060221,中二４月号英語
5021604020010128,中二４月号数学
5021604020010221,中二４月号数学
5021604030010021,中二４月号国語
5021604030020029,中二４月号国語
5021604030030026,中二４月号国語
5021604030040023,中二４月号国語
5021604030050021,中二４月号国語
5021605010010120,中二５月号英語
5021605010020127,中二５月号英語
5021605010030124,中二５月号英語
5021605010040121,中二５月号英語
5021605010050129,中二５月号英語
5021605010060126,中二５月号英語
5021605010010223,中二５月号英語
5021605010020221,中二５月号英語
5021605010030228,中二５月号英語
5021605010040225,中二５月号英語
5021605010050222,中二５月号英語
5021605010060220,中二５月号英語
5021605020010127,中二５月号数学
5021605020010221,中二５月号数学
5021605030010021,中二５月号国語
5021605030020028,中二５月号国語
5021605030030025,中二５月号国語
5021605030040022,中二５月号国語
5021605030050020,中二５月号国語
5021606010010129,中二６月号英語
5021606010020126,中二６月号英語
5021606010030123,中二６月号英語
5021606010040121,中二６月号英語
5021606010050128,中二６月号英語
5021606010060125,中二６月号英語
5021606010010222,中二６月号英語
5021606010020220,中二６月号英語
5021606010030227,中二６月号英語
5021606010040224,中二６月号英語
5021606010050221,中二６月号英語
5021606010060229,中二６月号英語
5021606020010126,中二６月号数学
5021606020010220,中二６月号数学
5021606030010020,中二６月号国語
5021606030020027,中二６月号国語
5021606030030024,中二６月号国語
5021606030040021,中二６月号国語
5021606030050029,中二６月号国語
5021607010010128,中二７月号英語
5021607010020125,中二７月号英語
5021607010030122,中二７月号英語
5021607010040120,中二７月号英語
5021607010050127,中二７月号英語
5021607010060124,中二７月号英語
5021607010010221,中二７月号英語
5021607010020229,中二７月号英語
5021607010030226,中二７月号英語
5021607010040223,中二７月号英語
5021607010050221,中二７月号英語
5021607010060228,中二７月号英語
5021607020010125,中二７月号数学
5021607020010229,中二７月号数学
5021607030010029,中二７月号国語
5021607030020026,中二７月号国語
5021607030030023,中二７月号国語
5021607030040021,中二７月号国語
5021607030050028,中二７月号国語
5021609010010126,中二９月号英語
5021609010020123,中二９月号英語
5021609010030121,中二９月号英語
5021609010040128,中二９月号英語
5021609010050125,中二９月号英語
5021609010060122,中二９月号英語
5021609010010220,中二９月号英語
5021609010020227,中二９月号英語
5021609010030224,中二９月号英語
5021609010040221,中二９月号英語
5021609010050229,中二９月号英語
5021609010060226,中二９月号英語
5021609020010123,中二９月号数学
5021609020010227,中二９月号数学
5021609030010027,中二９月号国語
5021609030020024,中二９月号国語
5021609030030021,中二９月号国語
5021609030040029,中二９月号国語
5021609030050026,中二９月号国語
5021610010010121,中二１０月号英語
5021610010020129,中二１０月号英語
5021610010030126,中二１０月号英語
5021610010040123,中二１０月号英語
5021610010050121,中二１０月号英語
5021610010060128,中二１０月号英語
5021610010010225,中二１０月号英語
5021610010020222,中二１０月号英語
5021610010030220,中二１０月号英語
5021610010040227,中二１０月号英語
5021610010050224,中二１０月号英語
5021610010060221,中二１０月号英語
5021610020010129,中二１０月号数学
5021610020010222,中二１０月号数学
5021610030010022,中二１０月号国語
5021610030020020,中二１０月号国語
5021610030030027,中二１０月号国語
5021610030040024,中二１０月号国語
5021610030050021,中二１０月号国語
5021611010010121,中二１１月号英語
5021611010020128,中二１１月号英語
5021611010030125,中二１１月号英語
5021611010040122,中二１１月号英語
5021611010050120,中二１１月号英語
5021611010060127,中二１１月号英語
5021611010010224,中二１１月号英語
5021611010020221,中二１１月号英語
5021611010030229,中二１１月号英語
5021611010040226,中二１１月号英語
5021611010050223,中二１１月号英語
5021611010060221,中二１１月号英語
5021611020010128,中二１１月号数学
5021611020010221,中二１１月号数学
5021611030010021,中二１１月号国語
5021611030020029,中二１１月号国語
5021611030030026,中二１１月号国語
5021611030040023,中二１１月号国語
5021611030050021,中二１１月号国語
5021612010010120,中二１２月号英語
5021612010020127,中二１２月号英語
5021612010030124,中二１２月号英語
5021612010040121,中二１２月号英語
5021612010050129,中二１２月号英語
5021612010060126,中二１２月号英語
5021612010010223,中二１２月号英語
5021612010020221,中二１２月号英語
5021612010030228,中二１２月号英語
5021612010040225,中二１２月号英語
5021612010050222,中二１２月号英語
5021612010060220,中二１２月号英語
5021612020010127,中二１２月号数学
5021612020010221,中二１２月号数学
5021612030010021,中二１２月号国語
5021612030020028,中二１２月号国語
5021612030030025,中二１２月号国語
5021612030040022,中二１２月号国語
5021612030050020,中二１２月号国語
5021701010010127,中二１月号英語
5021701010020124,中二１月号英語
5021701010030121,中二１月号英語
5021701010040129,中二１月号英語
5021701010050126,中二１月号英語
5021701010060123,中二１月号英語
5021701010010221,中二１月号英語
5021701010020228,中二１月号英語
5021701010030225,中二１月号英語
5021701010040222,中二１月号英語
5021701010050220,中二１月号英語
5021701010060227,中二１月号英語
5021701020010124,中二１月号数学
5021701020010228,中二１月号数学
5021701030010028,中二１月号国語
5021701030020025,中二１月号国語
5021701030030022,中二１月号国語
5021701030040020,中二１月号国語
5021701030050027,中二１月号国語
5021702010010126,中二２月号英語
5021702010020123,中二２月号英語
5021702010030121,中二２月号英語
5021702010040128,中二２月号英語
5021702010050125,中二２月号英語
5021702010060122,中二２月号英語
5021702010010220,中二２月号英語
5021702010020227,中二２月号英語
5021702010030224,中二２月号英語
5021702010040221,中二２月号英語
5021702010050229,中二２月号英語
5021702010060226,中二２月号英語
5021702020010123,中二２月号数学
5021702020010227,中二２月号数学
5021702030010027,中二２月号国語
5021702030020024,中二２月号国語
5021702030030021,中二２月号国語
5021702030040029,中二２月号国語
5021702030050026,中二２月号国語
5031604010010128,中三４月号英語
5031604010020125,中三４月号英語
5031604010030122,中三４月号英語
5031604010040120,中三４月号英語
5031604010050127,中三４月号英語
5031604010060124,中三４月号英語
5031604010010221,中三４月号英語
5031604010020229,中三４月号英語
5031604010030226,中三４月号英語
5031604010040223,中三４月号英語
5031604010050221,中三４月号英語
5031604010060228,中三４月号英語
5031604020010125,中三４月号数学
5031604020010229,中三４月号数学
5031604030010029,中三４月号国語
5031604030020026,中三４月号国語
5031604030030023,中三４月号国語
5031604030040021,中三４月号国語
5031604030050028,中三４月号国語
5031605010010127,中三５月号英語
5031605010020124,中三５月号英語
5031605010030121,中三５月号英語
5031605010040129,中三５月号英語
5031605010050126,中三５月号英語
5031605010060123,中三５月号英語
5031605010010221,中三５月号英語
5031605010020228,中三５月号英語
5031605010030225,中三５月号英語
5031605010040222,中三５月号英語
5031605010050220,中三５月号英語
5031605010060227,中三５月号英語
5031605020010124,中三５月号数学
5031605020010228,中三５月号数学
5031605030010028,中三５月号国語
5031605030020025,中三５月号国語
5031605030030022,中三５月号国語
5031605030040020,中三５月号国語
5031605030050027,中三５月号国語
5031606010010126,中三６月号英語
5031606010020123,中三６月号英語
5031606010030121,中三６月号英語
5031606010040128,中三６月号英語
5031606010050125,中三６月号英語
5031606010060122,中三６月号英語
5031606010010220,中三６月号英語
5031606010020227,中三６月号英語
5031606010030224,中三６月号英語
5031606010040221,中三６月号英語
5031606010050229,中三６月号英語
5031606010060226,中三６月号英語
5031606020010123,中三６月号数学
5031606020010227,中三６月号数学
5031606030010027,中三６月号国語
5031606030020024,中三６月号国語
5031606030030021,中三６月号国語
5031606030040029,中三６月号国語
5031606030050026,中三６月号国語
5031607010010125,中三７月号英語
5031607010020122,中三７月号英語
5031607010030120,中三７月号英語
5031607010040127,中三７月号英語
5031607010050124,中三７月号英語
5031607010060121,中三７月号英語
5031607010010229,中三７月号英語
5031607010020226,中三７月号英語
5031607010030223,中三７月号英語
5031607010040221,中三７月号英語
5031607010050228,中三７月号英語
5031607010060225,中三７月号英語
5031607020010122,中三７月号数学
5031607020010226,中三７月号数学
5031607030010026,中三７月号国語
5031607030020023,中三７月号国語
5031607030030021,中三７月号国語
5031607030040028,中三７月号国語
5031607030050025,中三７月号国語
5111604010010127,中一４月号英語
5111604010010221,中一４月号英語
5111604020010124,中一４月号数学
5111604020020121,中一４月号数学
5111604020010228,中一４月号数学
5111604030010028,中一４月号国語
5111605010010126,中一５月号英語
5111605010010220,中一５月号英語
5111605020010123,中一５月号数学
5111605020020121,中一５月号数学
5111605020010227,中一５月号数学
5111605030010027,中一５月号国語
5111606010010125,中一６月号英語
5111606010010229,中一６月号英語
5111606020010122,中一６月号数学
5111606020020120,中一６月号数学
5111606020010226,中一６月号数学
5111606030010026,中一６月号国語
5111607010010124,中一７月号英語
5111607010010228,中一７月号英語
5111607020010121,中一７月号数学
5111607020020129,中一７月号数学
5111607020010225,中一７月号数学
5111607030010025,中一７月号国語
5111609010010122,中一９月号英語
5111609010010226,中一９月号英語
5111609020010120,中一９月号数学
5111609020020127,中一９月号数学
5111609020010223,中一９月号数学
5111609030010023,中一９月号国語
5111610010010128,中一１０月号英語
5111610010010221,中一１０月号英語
5111610020010125,中一１０月号数学
5111610020020122,中一１０月号数学
5111610020010229,中一１０月号数学
5111610030010029,中一１０月号国語
5111611010010127,中一１１月号英語
5111611010010221,中一１１月号英語
5111611020010124,中一１１月号数学
5111611020020121,中一１１月号数学
5111611020010228,中一１１月号数学
5111611030010028,中一１１月号国語
5111612010010126,中一１２月号英語
5111612010010220,中一１２月号英語
5111612020010123,中一１２月号数学
5111612020020121,中一１２月号数学
5111612020010227,中一１２月号数学
5111612030010027,中一１２月号国語
5111701010010123,中一１月号英語
5111701010010227,中一１月号英語
5111701020010121,中一１月号数学
5111701020020128,中一１月号数学
5111701020010224,中一１月号数学
5111701030010024,中一１月号国語
5111702010010122,中一２月号英語
5111702010010226,中一２月号英語
5111702020010120,中一２月号数学
5111702020020127,中一２月号数学
5111702020010223,中一２月号数学
5111702030010023,中一２月号国語
5121604010010124,中二４月号英語
5121604010010228,中二４月号英語
5121604020010121,中二４月号数学
5121604020020129,中二４月号数学
5121604020010225,中二４月号数学
5121604030010025,中二４月号国語
5121605010010123,中二５月号英語
5121605010010227,中二５月号英語
5121605020010121,中二５月号数学
5121605020020128,中二５月号数学
5121605020010224,中二５月号数学
5121605030010024,中二５月号国語
5121606010010122,中二６月号英語
5121606010010226,中二６月号英語
5121606020010120,中二６月号数学
5121606020020127,中二６月号数学
5121606020010223,中二６月号数学
5121606030010023,中二６月号国語
5121607010010121,中二７月号英語
5121607010010225,中二７月号英語
5121607020010129,中二７月号数学
5121607020020126,中二７月号数学
5121607020010222,中二７月号数学
5121607030010022,中二７月号国語
5121609010010120,中二９月号英語
5121609010010223,中二９月号英語
5121609020010127,中二９月号数学
5121609020020124,中二９月号数学
5121609020010221,中二９月号数学
5121609030010021,中二９月号国語
5121610010010125,中二１０月号英語
5121610010010229,中二１０月号英語
5121610020010122,中二１０月号数学
5121610020020120,中二１０月号数学
5121610020010226,中二１０月号数学
5121610030010026,中二１０月号国語
5121611010010124,中二１１月号英語
5121611010010228,中二１１月号英語
5121611020010121,中二１１月号数学
5121611020020129,中二１１月号数学
5121611020010225,中二１１月号数学
5121611030010025,中二１１月号国語
5121612010010123,中二１２月号英語
5121612010010227,中二１２月号英語
5121612020010121,中二１２月号数学
5121612020020128,中二１２月号数学
5121612020010224,中二１２月号数学
5121612030010024,中二１２月号国語
5121701010010121,中二１月号英語
5121701010010224,中二１月号英語
5121701020010128,中二１月号数学
5121701020020125,中二１月号数学
5121701020010221,中二１月号数学
5121701030010021,中二１月号国語
5121702010010120,中二２月号英語
5121702010010223,中二２月号英語
5121702020010127,中二２月号数学
5121702020020124,中二２月号数学
5121702020010221,中二２月号数学
5121702030010021,中二２月号国語
5231604010010021,中三４月号英語
5231604020010029,中三４月号数学
5231604030010026,中三４月号国語
5231605010010021,中三５月号英語
5231605020010028,中三５月号数学
5231605030010025,中三５月号国語
5231606010010020,中三６月号英語
5231606020010027,中三６月号数学
5231606030010024,中三６月号国語
5231607010010029,中三７月号英語
5231607020010026,中三７月号数学
5231607030010023,中三７月号国語
5231609010010027,中三９月号英語
5231609020010024,中三９月号数学
5231609030010021,中三９月号国語
5231610010010022,中三１０月号英語
5231610020010020,中三１０月号数学
5231610030010027,中三１０月号国語
5231611010010021,中三１１月号英語
5231611020010029,中三１１月号数学
5231611030010026,中三１１月号国語
5231612010010021,中三１２月号英語
5231612020010028,中三１２月号数学
5231612030010025,中三１２月号国語
5231701010010028,中三１月号英語
5231701020010025,中三１月号数学
5231701030010022,中三１月号国語
5231702010010027,中三２月号英語
5231702020010024,中三２月号数学
5231702030010021,中三２月号国語
5011605020030124,中一５月号数学
5011606020030123,中一６月号数学
5011607020030122,中一７月号数学
5011610020030126,中一１０月号数学
5011611020030125,中一１１月号数学
5011612020030124,中一１２月号数学
5011701020030121,中一１月号数学
5011702020030121,中一２月号数学
5021605020030121,中二５月号数学
5021606020030121,中二６月号数学
5021607020030120,中二７月号数学
5021609020030128,中二９月号数学
5021611020030122,中二１１月号数学
5021612020030121,中二１２月号数学
5021701020030129,中二１月号数学
5021702020030128,中二２月号数学
5031609010010020,中三９月号英語
5031609010020027,中三９月号英語
5031609010030024,中三９月号英語
5031609020010027,中三９月号数学
5031609030010024,中三９月号国語
5031610010010025,中三１０月号英語
5031610010020022,中三１０月号英語
5031610010030020,中三１０月号英語
5031610020010022,中三１０月号数学
5031610020020020,中三１０月号数学
5031610020030027,中三１０月号数学
5031610030010020,中三１０月号国語
5031610030020027,中三１０月号国語
5031610030030024,中三１０月号国語
5031612030010028,中三１２月号小論
5031701010980024,中三１月号英語
5031701020980021,中三１月号数学
5031701030980029,中三１月号国語
5031701010990021,中三１月号英語
5031701020990029,中三１月号数学
5031701030990026,中三１月号国語
5001604041510021,理科１５１
5001604041520029,理科１５２
5001604041530026,理科１５３
5001604041540023,理科１５４
5001604041550021,理科１５５
5001604041560028,理科１５６
5001604041570025,理科１５７
5001604041580022,理科１５８
5001604041590020,理科１５９
5001604041600028,理科１６０
5001604041610025,理科１６１
5001604041620022,理科１６２
5001604041630020,理科１６３
5001604041640027,理科１６４
5001604041650024,理科１６５
5001604041660021,理科１６６
5001604041670029,理科１６７
5001604041680026,理科１６８
5001604041690023,理科１６９
5001604041700021,理科１７０
5001604041710029,理科１７１
5001604041720026,理科１７２
5001604041730023,理科１７３
5001604041740021,理科１７４
5031604041710021,理科１７１
5031605041720027,理科１７２
5031606041730023,理科１７３
5031607041740020,理科１７４
5001604054510026,社会４５１
5001604054520023,社会４５２
5001604054530021,社会４５３
5001604054540028,社会４５４
5001604054550025,社会４５５
5001604054560022,社会４５６
5001604054570020,社会４５７
5001604054580027,社会４５８
5001604054590024,社会４５９
5001604054600022,社会４６０
5001604054610020,社会４６１
5001604054620027,社会４６２
5001604054710023,社会４７１
5001604054720021,社会４７２
5001604054730028,社会４７３
5001604054740025,社会４７４
5001604054750022,社会４７５
5001604054760020,社会４７６
5001604054770027,社会４７７
5001604054780024,社会４７８
5001604054810027,社会４８１
5001604054820024,社会４８２
5001604054830021,社会４８３
5001604054840029,社会４８４
5031604054810029,社会４８１
5031605054820025,社会４８２
5031606054830021,社会４８３
5031607054840028,社会４８４
5011704010010023,中一４月号英語
5011704010020021,中一４月号英語
5011704010030028,中一４月号英語
5011704010040025,中一４月号英語
5011704010050022,中一４月号英語
5011704010060020,中一４月号英語
5011704020010124,中一４月号数学
5011704020010228,中一４月号数学
5011704030010028,中一４月号国語
5011704030020025,中一４月号国語
5011704030030022,中一４月号国語
5011704030040020,中一４月号国語
5011704030050027,中一４月号国語
5011705010010022,中一５月号英語
5011705010020020,中一５月号英語
5011705010030027,中一５月号英語
5011705010040024,中一５月号英語
5011705010050021,中一５月号英語
5011705010060029,中一５月号英語
5011705020010123,中一５月号数学
5011705020010227,中一５月号数学
5011705030010027,中一５月号国語
5011705030020024,中一５月号国語
5011705030030021,中一５月号国語
5011705030040029,中一５月号国語
5011705030050026,中一５月号国語
5011706010010021,中一６月号英語
5011706010020029,中一６月号英語
5011706010030026,中一６月号英語
5011706010040023,中一６月号英語
5011706010050021,中一６月号英語
5011706010060028,中一６月号英語
5011706020010122,中一６月号数学
5011706020010226,中一６月号数学
5011706030010026,中一６月号国語
5011706030020023,中一６月号国語
5011706030030021,中一６月号国語
5011706030040028,中一６月号国語
5011706030050025,中一６月号国語
5011707010010021,中一７月号英語
5011707010020028,中一７月号英語
5011707010030025,中一７月号英語
5011707010040022,中一７月号英語
5011707010050020,中一７月号英語
5011707010060027,中一７月号英語
5011707020010121,中一７月号数学
5011707020010225,中一７月号数学
5011707030010025,中一７月号国語
5011707030020022,中一７月号国語
5011707030030020,中一７月号国語
5011707030040027,中一７月号国語
5011707030050024,中一７月号国語
5011709010010122,中一９月号英語
5011709010020120,中一９月号英語
5011709010030127,中一９月号英語
5011709010040124,中一９月号英語
5011709010050121,中一９月号英語
5011709010060129,中一９月号英語
5011709010010226,中一９月号英語
5011709010020223,中一９月号英語
5011709010030221,中一９月号英語
5011709010040228,中一９月号英語
5011709010050225,中一９月号英語
5011709010060222,中一９月号英語
5011709020010120,中一９月号数学
5011709020010223,中一９月号数学
5011709030010023,中一９月号国語
5011709030020021,中一９月号国語
5011709030030028,中一９月号国語
5011709030040025,中一９月号国語
5011709030050022,中一９月号国語
5011710010010128,中一１０月号英語
5011710010020125,中一１０月号英語
5011710010030122,中一１０月号英語
5011710010040120,中一１０月号英語
5011710010050127,中一１０月号英語
5011710010060124,中一１０月号英語
5011710010010221,中一１０月号英語
5011710010020229,中一１０月号英語
5011710010030226,中一１０月号英語
5011710010040223,中一１０月号英語
5011710010050221,中一１０月号英語
5011710010060228,中一１０月号英語
5011710020010125,中一１０月号数学
5011710020010229,中一１０月号数学
5011710030010029,中一１０月号国語
5011710030020026,中一１０月号国語
5011710030030023,中一１０月号国語
5011710030040021,中一１０月号国語
5011710030050028,中一１０月号国語
5011711010010127,中一１１月号英語
5011711010020124,中一１１月号英語
5011711010030121,中一１１月号英語
5011711010040129,中一１１月号英語
5011711010050126,中一１１月号英語
5011711010060123,中一１１月号英語
5011711010010221,中一１１月号英語
5011711010020228,中一１１月号英語
5011711010030225,中一１１月号英語
5011711010040222,中一１１月号英語
5011711010050220,中一１１月号英語
5011711010060227,中一１１月号英語
5011711020010124,中一１１月号数学
5011711020010228,中一１１月号数学
5011711030010028,中一１１月号国語
5011711030020025,中一１１月号国語
5011711030030022,中一１１月号国語
5011711030040020,中一１１月号国語
5011711030050027,中一１１月号国語
5011801010010123,中一１月号英語
5011801010020121,中一１月号英語
5011801010030128,中一１月号英語
5011801010040125,中一１月号英語
5011801010050122,中一１月号英語
5011801010060120,中一１月号英語
5011801010010227,中一１月号英語
5011801010020224,中一１月号英語
5011801010030221,中一１月号英語
5011801010040229,中一１月号英語
5011801010050226,中一１月号英語
5011801010060223,中一１月号英語
5011801020010121,中一１月号数学
5011801020010224,中一１月号数学
5011801030010024,中一１月号国語
5011801030020021,中一１月号国語
5011801030030029,中一１月号国語
5011801030040026,中一１月号国語
5011801030050023,中一１月号国語
5011802010010122,中一２月号英語
5011802010020120,中一２月号英語
5011802010030127,中一２月号英語
5011802010040124,中一２月号英語
5011802010050121,中一２月号英語
5011802010060129,中一２月号英語
5011802010010226,中一２月号英語
5011802010020223,中一２月号英語
5011802010030221,中一２月号英語
5011802010040228,中一２月号英語
5011802010050225,中一２月号英語
5011802010060222,中一２月号英語
5011802020010120,中一２月号数学
5011802020010223,中一２月号数学
5011802030010023,中一２月号国語
5011802030020021,中一２月号国語
5011802030030028,中一２月号国語
5011802030040025,中一２月号国語
5011802030050022,中一２月号国語
5021704010010124,中二４月号英語
5021704010020121,中二４月号英語
5021704010030129,中二４月号英語
5021704010040126,中二４月号英語
5021704010050123,中二４月号英語
5021704010060121,中二４月号英語
5021704010010228,中二４月号英語
5021704010020225,中二４月号英語
5021704010030222,中二４月号英語
5021704010040220,中二４月号英語
5021704010050227,中二４月号英語
5021704010060224,中二４月号英語
5021704020010121,中二４月号数学
5021704020010225,中二４月号数学
5021704030010025,中二４月号国語
5021704030020022,中二４月号国語
5021704030030020,中二４月号国語
5021704030040027,中二４月号国語
5021704030050024,中二４月号国語
5021705010010123,中二５月号英語
5021705010020121,中二５月号英語
5021705010030128,中二５月号英語
5021705010040125,中二５月号英語
5021705010050122,中二５月号英語
5021705010060120,中二５月号英語
5021705010010227,中二５月号英語
5021705010020224,中二５月号英語
5021705010030221,中二５月号英語
5021705010040229,中二５月号英語
5021705010050226,中二５月号英語
5021705010060223,中二５月号英語
5021705020010121,中二５月号数学
5021705020010224,中二５月号数学
5021705030010024,中二５月号国語
5021705030020021,中二５月号国語
5021705030030029,中二５月号国語
5021705030040026,中二５月号国語
5021705030050023,中二５月号国語
5021706010010122,中二６月号英語
5021706010020120,中二６月号英語
5021706010030127,中二６月号英語
5021706010040124,中二６月号英語
5021706010050121,中二６月号英語
5021706010060129,中二６月号英語
5021706010010226,中二６月号英語
5021706010020223,中二６月号英語
5021706010030221,中二６月号英語
5021706010040228,中二６月号英語
5021706010050225,中二６月号英語
5021706010060222,中二６月号英語
5021706020010120,中二６月号数学
5021706020010223,中二６月号数学
5021706030010023,中二６月号国語
5021706030020021,中二６月号国語
5021706030030028,中二６月号国語
5021706030040025,中二６月号国語
5021706030050022,中二６月号国語
5021707010010121,中二７月号英語
5021707010020129,中二７月号英語
5021707010030126,中二７月号英語
5021707010040123,中二７月号英語
5021707010050121,中二７月号英語
5021707010060128,中二７月号英語
5021707010010225,中二７月号英語
5021707010020222,中二７月号英語
5021707010030220,中二７月号英語
5021707010040227,中二７月号英語
5021707010050224,中二７月号英語
5021707010060221,中二７月号英語
5021707020010129,中二７月号数学
5021707020010222,中二７月号数学
5021707030010022,中二７月号国語
5021707030020020,中二７月号国語
5021707030030027,中二７月号国語
5021707030040024,中二７月号国語
5021707030050021,中二７月号国語
5021709010010120,中二９月号英語
5021709010020127,中二９月号英語
5021709010030124,中二９月号英語
5021709010040121,中二９月号英語
5021709010050129,中二９月号英語
5021709010060126,中二９月号英語
5021709010010223,中二９月号英語
5021709010020221,中二９月号英語
5021709010030228,中二９月号英語
5021709010040225,中二９月号英語
5021709010050222,中二９月号英語
5021709010060220,中二９月号英語
5021709020010127,中二９月号数学
5021709020010221,中二９月号数学
5021709030010021,中二９月号国語
5021709030020028,中二９月号国語
5021709030030025,中二９月号国語
5021709030040022,中二９月号国語
5021709030050020,中二９月号国語
5021710010010125,中二１０月号英語
5021710010020122,中二１０月号英語
5021710010030120,中二１０月号英語
5021710010040127,中二１０月号英語
5021710010050124,中二１０月号英語
5021710010060121,中二１０月号英語
5021710010010229,中二１０月号英語
5021710010020226,中二１０月号英語
5021710010030223,中二１０月号英語
5021710010040221,中二１０月号英語
5021710010050228,中二１０月号英語
5021710010060225,中二１０月号英語
5021710020010122,中二１０月号数学
5021710020010226,中二１０月号数学
5021710030010026,中二１０月号国語
5021710030020023,中二１０月号国語
5021710030030021,中二１０月号国語
5021710030040028,中二１０月号国語
5021710030050025,中二１０月号国語
5021711010010124,中二１１月号英語
5021711010020121,中二１１月号英語
5021711010030129,中二１１月号英語
5021711010040126,中二１１月号英語
5021711010050123,中二１１月号英語
5021711010060121,中二１１月号英語
5021711010010228,中二１１月号英語
5021711010020225,中二１１月号英語
5021711010030222,中二１１月号英語
5021711010040220,中二１１月号英語
5021711010050227,中二１１月号英語
5021711010060224,中二１１月号英語
5021711020010121,中二１１月号数学
5021711020010225,中二１１月号数学
5021711030010025,中二１１月号国語
5021711030020022,中二１１月号国語
5021711030030020,中二１１月号国語
5021711030040027,中二１１月号国語
5021711030050024,中二１１月号国語
5021801010010121,中二１月号英語
5021801010020128,中二１月号英語
5021801010030125,中二１月号英語
5021801010040122,中二１月号英語
5021801010050120,中二１月号英語
5021801010060127,中二１月号英語
5021801010010224,中二１月号英語
5021801010020221,中二１月号英語
5021801010030229,中二１月号英語
5021801010040226,中二１月号英語
5021801010050223,中二１月号英語
5021801010060221,中二１月号英語
5021801020010128,中二１月号数学
5021801020010221,中二１月号数学
5021801030010021,中二１月号国語
5021801030020029,中二１月号国語
5021801030030026,中二１月号国語
5021801030040023,中二１月号国語
5021801030050021,中二１月号国語
5021802010010120,中二２月号英語
5021802010020127,中二２月号英語
5021802010030124,中二２月号英語
5021802010040121,中二２月号英語
5021802010050129,中二２月号英語
5021802010060126,中二２月号英語
5021802010010223,中二２月号英語
5021802010020221,中二２月号英語
5021802010030228,中二２月号英語
5021802010040225,中二２月号英語
5021802010050222,中二２月号英語
5021802010060220,中二２月号英語
5021802020010127,中二２月号数学
5021802020010221,中二２月号数学
5021802030010021,中二２月号国語
5021802030020028,中二２月号国語
5021802030030025,中二２月号国語
5021802030040022,中二２月号国語
5021802030050020,中二２月号国語
5111704010010121,中一４月号英語
5111704010010224,中一４月号英語
5111704020010128,中一４月号数学
5111704020020125,中一４月号数学
5111704020010221,中一４月号数学
5111704030010021,中一４月号国語
5111705010010120,中一５月号英語
5111705010010223,中一５月号英語
5111705020010127,中一５月号数学
5111705020020124,中一５月号数学
5111705020010221,中一５月号数学
5111705020030121,中一５月号数学2
5111705020040129,中一５月号数学2
5111705020050220,中一５月号数学2
5111705030010021,中一５月号国語
5111706010010129,中一６月号英語
5111706010010222,中一６月号英語
5111706020010126,中一６月号数学
5111706020020123,中一６月号数学
5111706020010220,中一６月号数学
5111706030010020,中一６月号国語
5111707010010128,中一７月号英語
5111707010010221,中一７月号英語
5111707020010125,中一７月号数学
5111707020020122,中一７月号数学
5111707020010229,中一７月号数学
5111707030010029,中一７月号国語
5111709010010126,中一９月号英語
5111709010010220,中一９月号英語
5111709020010123,中一９月号数学
5111709020020121,中一９月号数学
5111709020010227,中一９月号数学
5111709030010027,中一９月号国語
5111710010010121,中一１０月号英語
5111710010010225,中一１０月号英語
5111710020010129,中一１０月号数学
5111710020020126,中一１０月号数学
5111710020010222,中一１０月号数学
5111710030010022,中一１０月号国語
5111711010010121,中一１１月号英語
5111711010010224,中一１１月号英語
5111711020010128,中一１１月号数学
5111711020020125,中一１１月号数学
5111711020010221,中一１１月号数学
5111711030010021,中一１１月号国語
5111712010010120,中一１２月号英語
5111712010010223,中一１２月号英語
5111712020010127,中一１２月号数学
5111712020020124,中一１２月号数学
5111712020010221,中一１２月号数学
5111712030010021,中一１２月号国語
5111801010010127,中一１月号英語
5111801010010221,中一１月号英語
5111801020010124,中一１月号数学
5111801020020121,中一１月号数学
5111801020010228,中一１月号数学
5111801030010028,中一１月号国語
5111802010010126,中一２月号英語
5111802010010220,中一２月号英語
5111802020010123,中一２月号数学
5111802020020121,中一２月号数学
5111802020010227,中一２月号数学
5111802030010027,中一２月号国語
5121704010010128,中二４月号英語
5121704010010221,中二４月号英語
5121704020010125,中二４月号数学
5121704020020122,中二４月号数学
5121704020010229,中二４月号数学
5121704030010029,中二４月号国語
5121705010010127,中二５月号英語
5121705010010221,中二５月号英語
5121705020010124,中二５月号数学
5121705020020121,中二５月号数学
5121705020010228,中二５月号数学
5121705030010028,中二５月号国語
5121706010010126,中二６月号英語
5121706010010220,中二６月号英語
5121706020010123,中二６月号数学
5121706020020121,中二６月号数学
5121706020010227,中二６月号数学
5121706030010027,中二６月号国語
5121707010010125,中二７月号英語
5121707010010229,中二７月号英語
5121707020010122,中二７月号数学
5121707020020120,中二７月号数学
5121707020010226,中二７月号数学
5121707030010026,中二７月号国語
5121709010010123,中二９月号英語
5121709010010227,中二９月号英語
5121709020010121,中二９月号数学
5121709020020128,中二９月号数学
5121709020010224,中二９月号数学
5121709030010024,中二９月号国語
5121710010010129,中二１０月号英語
5121710010010222,中二１０月号英語
5121710020010126,中二１０月号数学
5121710020020123,中二１０月号数学
5121710020010220,中二１０月号数学
5121710030010020,中二１０月号国語
5121711010010128,中二１１月号英語
5121711010010221,中二１１月号英語
5121711020010125,中二１１月号数学
5121711020020122,中二１１月号数学
5121711020010229,中二１１月号数学
5121711030010029,中二１１月号国語
5121712010010127,中二１２月号英語
5121712010010221,中二１２月号英語
5121712020010124,中二１２月号数学
5121712020020121,中二１２月号数学
5121712020010228,中二１２月号数学
5121712030010028,中二１２月号国語
5121801010010124,中二１月号英語
5121801010010228,中二１月号英語
5121801020010121,中二１月号数学
5121801020020129,中二１月号数学
5121801020010225,中二１月号数学
5121801030010025,中二１月号国語
5121802010010123,中二２月号英語
5121802010010227,中二２月号英語
5121802020010121,中二２月号数学
5121802020020128,中二２月号数学
5121802020010224,中二２月号数学
5121802030010024,中二２月号国語
5231704010010025,中三４月号英語
5231704020010022,中三４月号数学
5231704030010020,中三４月号国語
5231705010010024,中三５月号英語
5231705020010021,中三５月号数学
5231705030010029,中三５月号国語
5231706010010023,中三６月号英語
5231706020010021,中三６月号数学
5231706030010028,中三６月号国語
5231707010010022,中三７月号英語
5231707020010020,中三７月号数学
5231707030010027,中三７月号国語
5231709010010021,中三９月号英語
5231709020010028,中三９月号数学
5231709030010025,中三９月号国語
5231710010010026,中三１０月号英語
5231710020010023,中三１０月号数学
5231710030010021,中三１０月号国語
5231711010010025,中三１１月号英語
5231711020010022,中三１１月号数学
5231711030010020,中三１１月号国語
5231712010010024,中三１２月号英語
5231712020010021,中三１２月号数学
5231712030010029,中三１２月号国語
5231801010010021,中三１月号英語
5231801020010029,中三１月号数学
5231801030010026,中三１月号国語
5231802010010021,中三２月号英語
5231802020010028,中三２月号数学
5231802030010025,中三２月号国語
5031710010010029,中三１０月号英語
5031710010020026,中三１０月号英語
5031710010030023,中三１０月号英語
5031710020010026,中三１０月号数学
5031710020020023,中三１０月号数学
5031710020030021,中三１０月号数学
5031710030010023,中三１０月号国語
5031710030020021,中三１０月号国語
5031710030030028,中三１０月号国語
5031712030010021,中三１２月号小論
5031801010980028,中三１月号英語　東京
5031801020980025,中三１月号数学
5031801030980022,中三１月号国語
5031801010990025,中三１月号英語　東京
5031801020990022,中三１月号数学
5031801030990020,中三１月号国語
5001704041510025,理科１５１
5001704041520022,理科１５２
5001704041530020,理科１５３
5001704041540027,理科１５４
5001704041550024,理科１５５
5001704041560021,理科１５６
5001704041570029,理科１５７
5001704041580026,理科１５８
5001704041590023,理科１５９
5001704041600021,理科１６０
5001704041610029,理科１６１
5001704041620026,理科１６２
5001704041630023,理科１６３
5001704041640021,理科１６４
5001704041650028,理科１６５
5001704041660025,理科１６６
5001704041670022,理科１６７
5001704041680020,理科１６８
5001704041690027,理科１６９
5001704041700025,理科１７０
5001704041710022,理科１７１
5001704041720020,理科１７２
5001704041730027,理科１７３
5001704041740024,理科１７４
5001704054510020,社会４５１
5001704054520027,社会４５２
5001704054530024,社会４５３
5001704054540021,社会４５４
5001704054550029,社会４５５
5001704054560026,社会４５６
5001704054570023,社会４５７
5001704054580021,社会４５８
5001704054590028,社会４５９
5001704054600026,社会４６０
5001704054610023,社会４６１
5001704054620021,社会４６２
5001704054710027,社会４７１
5001704054720024,社会４７２
5001704054730021,社会４７３
5001704054740029,社会４７４
5001704054750026,社会４７５
5001704054760023,社会４７６
5001704054770021,社会４７７
5001704054780028,社会４７８
5001704054810021,社会４８１
5001704054820028,社会４８２
5001704054830025,社会４８３
5001704054840022,社会４８４
5031801010960023,中三１月号英語　大阪
5031801010970021,中三１月号英語　大阪　
5031709040010025,中三１０月号英語
5031709050010022,中三９月号社会
5031710010040021,中三１０月号英語
5031710010050028,中三１０月号英語
5031710010060025,中三１０月号英語
5031710020040028,中三１０月号数学
5031710030040025,中三１０月号国語
5011804010010027,中一０４月号英語
